model,target_split,alignment,drift_accuracy,accuracy_drop,ks_mean,mmd,group_size
EfficientNet-B0,test,matched,0.95,0.0166666666666666,0.096796875,0.074928481131792,150.0
EfficientNet-B0,test,mismatched,0.55,0.4166666666666666,0.130859375,0.1315942928194999,150.0
EfficientNet-B0,val,matched,0.9833333333333334,-0.0166666666666666,0.081484375,0.0587197989225387,150.0
EfficientNet-B0,val,mismatched,0.4833333333333333,0.4833333333333333,0.136328125,0.1316278837621212,150.0
ResNet-50,test,matched,0.9633333333333334,-0.0033333333333332,0.094375,0.0695191211998462,150.0
ResNet-50,test,mismatched,0.5433333333333333,0.4166666666666667,0.1301822916666666,0.1492703482508659,150.0
ResNet-50,val,matched,0.98,-0.0199999999999999,0.0830208333333333,0.0620838515460491,150.0
ResNet-50,val,mismatched,0.5433333333333333,0.4166666666666667,0.1348177083333333,0.1678484380245208,150.0
