model,target_split,label_name,land_background_accuracy,water_background_accuracy,environment_accuracy_gap,land_background_ks,water_background_ks,land_background_mmd,water_background_mmd
EfficientNet-B0,test,landbird,0.98,0.5533333333333333,0.42666666666666664,0.10953125,0.1530208333333333,0.0917903371155262,0.1616091877222061
EfficientNet-B0,test,waterbird,0.3399999999999999,0.89,0.55,0.139921875,0.1826302083333333,0.1539737209677696,0.2125840187072754
EfficientNet-B0,val,landbird,0.9833333333333334,0.5766666666666667,0.40666666666666673,0.0908854166666666,0.1495052083333333,0.0787941440939903,0.1621114015579223
EfficientNet-B0,val,waterbird,0.3759398496240601,0.913533834586466,0.5375939849624058,0.1423645050125313,0.1824579025689223,0.14974045753479,0.2181305587291717
ResNet-50,test,landbird,0.99,0.56,0.42999999999999994,0.1065625,0.1511979166666666,0.0942493341863155,0.2039560675621032
ResNet-50,test,waterbird,0.42,0.9066666666666668,0.48666666666666686,0.1566666666666666,0.1944791666666666,0.1970386803150177,0.265118196606636
ResNet-50,val,landbird,0.99,0.5966666666666667,0.3933333333333333,0.0903645833333333,0.1493489583333333,0.0842261984944343,0.1895192563533783
ResNet-50,val,waterbird,0.4060150375939849,0.913533834586466,0.507518796992481,0.1539738016917293,0.1939947525062656,0.1871050968766212,0.2754631787538528
